<?xml version='1.0' encoding='UTF-8'?>
<!DOCTYPE beans PUBLIC '-//SPRING//DTD BEAN//EN' 'http://www.springframework.org/dtd/spring-beans.dtd'>
 
<beans>
	
    <!-- Code for video transformation -->

	 <bean id="transform-video" class="com.stv.alfresco.repo.action.executer.FfmpegVideoTransformActionExecuter"
        parent="transform">
        <property name="stvVideoContentTransformer">
            <ref bean="transformer.ffmpegVideo" />
        </property>
    </bean> 

	  <bean id="contentServices1" class="com.stv.alfresco.repo.content.FfmpegRoutingContentService" init-method="init">
      <property name="transactionService">
          <ref bean="transactionService" />
      </property>
      <property name="retryingTransactionHelper">
          <ref bean="retryingTransactionHelper"/>
      </property>
      <property name="dictionaryService">
          <ref bean="dictionaryService" />
      </property>
      <property name="nodeService">
          <ref bean="nodeService" />
      </property>
      <property name="transformerRegistry">
          <ref bean="contentTransformerRegistry" />
      </property>
      <property name="store">
          <ref bean="fileContentStore" />
      </property>
      <property name="policyComponent">
          <ref bean="policyComponent" />
      </property>
      <property name="avmService">
          <ref bean="avmService"/>
      </property>
      <property name="stvVideoContentTransformer">
         <ref bean="transformer.ffmpegVideo" />
      </property>
   </bean>

     <bean id="transformer.ffmpegVideo"
        class="com.stv.alfresco.repo.content.transform.FfmpegVideoContentTransformer"
        parent="baseContentTransformer"
        init-method="init">
      <property name="executer">
         <bean name="transformer.ffmpegVideo.Command" class="org.alfresco.util.exec.RuntimeExec">
            <property name="commandMap">
                <map>
                    <entry key="Windows.*">
                        <value>ffmpeg -i "${source}" ${options} "${target}"</value>
                    </entry>
                    <entry key=".*">
                        <value>ffmpeg -y -v -1 -i ${source} ${options} ${target}</value>                        
                    </entry>                    
                </map>
            </property>
            <property name="defaultProperties">
                <props>
                    <prop key="options"></prop>
                </props>
            </property>
         </bean>
      </property>		  
   </bean> 

    <bean id="actionResourceBundles" class="org.alfresco.i18n.ResourceBundleBootstrapComponent">
    	<property name="resourceBundles">
    		<list>
    			<value>alfresco.messages.action-service</value>
    			<value>alfresco.messages.action-config</value>
    			<value>alfresco.messages.stv</value>
    		</list>
    	</property>
   </bean>

	<!-- video transformation end -->
</beans>
