<alfresco-config>
 
	<!--  <config evaluator="string-compare" condition="Mimetype Map">
		<mimetypes>
			<mimetype mimetype="video/3gp" display="3gp">
				<extension>3gp</extension>
			 </mimetype>
 		</mimetypes>
	 </config>  -->

	  <!--Added for FFMPEG transform-->

   <config evaluator="string-compare" condition="Action Wizards">
	  <video-transformers>
 		<transformer name="video/x-msvideo"/>
 		<transformer name="video/mp4"/> <!-- ipod - mp4 extension -->
 		<transformer name="video/3gp"/>
      </video-transformers>      
      <action-handlers>
	  <handler name="transform-video" class="com.stv.alfresco.web.bean.actions.handlers.FfmpegTransformVideoHandler" />
      </action-handlers> 
   </config> 

   <config>
      <wizard-container>/jsp/wizard/container.jsp</wizard-container>
      <plain-wizard-container>/jsp/wizard/plain-container.jsp</plain-wizard-container>
      <wizards>       
         <wizard name="runAction" managed-bean="FfmpegRunActionWizard"
                 title-id="run_action_title" description-id="run_action_desc"
                 icon="/images/icons/new_rule_large.gif">
            <step name="actions" title-id="actions" description="">
               <page path="/jsp/actions/actions.jsp"
                     title-id="run_action_step1_title"
                     description=""
                     instruction-id="default_instruction" />
            </step>
            <step name="summary" title-id="summary" description-id="summary_step_description">
               <page path="/jsp/wizard/summary.jsp"
                     title-id="summary"
                     description-id="summary_desc"
                     instruction-id="run_action_finish_instruction" />
            </step>
         </wizard> 
      </wizards>
   </config> 
   
    <!-- Definition of the create rule wizard -->
         <wizard name="createRule" managed-bean="CreateRuleWizard"
                 title-id="create_rule_title" description-id="create_rule_desc"
                 icon="/images/icons/new_rule_large.gif">
            <step name="conditions" title-id="conditions" description="">
               <page path="/jsp/rules/conditions.jsp"
                     title-id="create_rule_step1_title"
                     description=""
                     instruction-id="default_instruction" />
            </step>
            <step name="actions" title-id="actions" description="">
               <page path="/jsp/actions/actions.jsp"
                     title-id="create_rule_step2_title"
                     description=""
                     instruction-id="default_instruction" />
            </step>
            <step name="details" title-id="details" description="">
               <page path="/jsp/rules/details.jsp"
                     title-id="create_rule_step3_title"
                     description=""
                     instruction-id="default_instruction" />
            </step>
            <step name="summary" title-id="summary" description-id="summary_step_description">
               <page path="/jsp/wizard/summary.jsp"
                     title-id="summary"
                     description-id="summary_desc"
                     instruction-id="create_rule_finish_instruction" />
            </step>
         </wizard>

    <!--transform end-->	
	
	
</alfresco-config>